aburrido,aburrido.mp4
agua,agua.mp4
alto,alto.mp4
amarillo,amarillo.mp4
amigo,amigo.mp4
animal,animal.mp4
araña,arana.mp4
árbol,arbol.mp4
asia,asia.mp4
auto,auto.mp4
ave,ave.mp4
avión,avion.mp4
ayuda,ayuda.mp4
bajo,bajo.mp4
basura,basura.mp4
baño,bano.mp4
bebé,bebe.mp4
bebida,bebida.mp4
boca,boca.mp4
botella,botella.mp4
bueno,bueno.mp4
caja,caja.mp4
calendario,calendario.mp4
cama,cama.mp4
cámara de fotos,camara_de_fotos.mp4
caminar,caminar.mp4
cansado,cansado.mp4
capitán,capitan.mp4
casa,casa.mp4
ciudad,ciudad.mp4
clima,clima.mp4
cocina,cocina.mp4
cola,cola.mp4
color,color.mp4
comida,comida.mp4
comprar,comprar.mp4
conocer,conocer.mp4
contar,contar.mp4
corazón,corazon.mp4
cuerpo,cuerpo.mp4
cumpleaños,cumpleanos.mp4
de acuerdo,de_acuerdo.mp4
decidir,decidir.mp4
desaparecer,desaparecer.mp4
desfile,desfile.mp4
día,dia.mp4
difícil,dificil.mp4
dinero,dinero.mp4
dirección,direccion.mp4
discutir,discutir.mp4
dolor,dolor.mp4
dolor,dolor_2.mp4
correr,correr.mp4
dormir,dormir.mp4
dos,dos.mp4
duda,duda.mp4
email,email.mp4
empezar,empezar.mp4
empujar,empujar.mp4
enfermo,enfermo.mp4
enseñar,ensenar.mp4
entender,entender.mp4
escribir,escribir.mp4
escuela,escuela.mp4
esperanza,esperanza.mp4
esperar,esperar.mp4
esta bien,esta_bien.mp4
facil,facil.mp4
familia,familia.mp4
fatal,fatal.mp4
feliz,feliz.mp4
feo,feo.mp4
flor,flor.mp4
frio,frio.mp4
fruta,fruta.mp4
fuego,fuego.mp4
futbol,futbol.mp4
ganar,ganar.mp4
grecia,grecia.mp4
hablar,hablar.mp4
hacer,hacer.mp4
hermana,hermana.mp4
hijo,hijo.mp4
historia,historia.mp4
hombre,hombre.mp4
horno,horno.mp4
ignorar,ignorar.mp4
igual,igual.mp4
igual,igual_2.mp4
igual,igual_3.mp4
importante,importante.mp4
ingles,ingles.mp4
internet,internet.mp4
interprete,interprete.mp4
jefe,jefe.mp4
joven,joven.mp4
joven,joven_2.mp4
jueves,jueves.mp4
ladron,ladron.mp4
leche,leche.mp4
lengua de señas,lengua_de_senas.mp4
letra,letra.mp4
libro,libro.mp4
lindo,lindo.mp4
suave,suave.mp4
llave,llave.mp4
llegar,llegar.mp4
llorar,llorar.mp4
lluvia,lluvia.mp4
madre,madre.mp4
malo,malo.mp4
marruecos,marruecos.mp4
martillo,martillo.mp4
matematicas,matematicas.mp4
meningitis,meningitis.mp4
mente,mente.mp4
mentira,mentira.mp4
mirar,mirar.mp4
morir,morir.mp4
morir,morir_2.mp4
mucho,mucho.mp4
lleno,lleno.mp4
musica,musica.mp4
muy mal,muy_mal.mp4
nada,nada.mp4
nada,nada_2.mp4
negro,negro.mp4
niños,ninos.mp4
no,no.mp4
noche,noche.mp4
nombre,nombre.mp4
nuevo,nuevo.mp4
numeros,numeros.mp4
nunca,nunca.mp4
ojo,ojo.mp4
ojo,ojo_2.mp4
padre,padre.mp4
padres,padres.mp4
pais,pais.mp4
pan,pan.mp4
papel,papel.mp4
pasado,pasado.mp4
payaso,payaso.mp4
paz,paz.mp4
pelea,pelea.mp4
pelo,pelo.mp4
pelota,pelota.mp4
pensar,pensar.mp4
perdon,perdon.mp4
perro,perro.mp4
persona,persona.mp4
personas,personas.mp4
pez,pez.mp4
pobre,pobre.mp4
poco,poco.mp4
poder,poder.mp4
policia,policia.mp4
politica,politica.mp4
por favor,por_favor.mp4
por supuesto,por_supuesto.mp4
pregunta,pregunta.mp4
preocupado,preocupado.mp4
punto,punto.mp4
radio,radio.mp4
rapido,rapido.mp4
red de pesca,red_de_pesca.mp4
relajarse,relajarse.mp4
remera,remera.mp4
responsabilidad,responsabilidad.mp4
rey,rey.mp4
risa,risa.mp4
rojo,rojo.mp4
romper,romper.mp4
romper,romper_2.mp4
sabado,sabado.mp4
saber,saber.mp4
salud,salud.mp4
sangre,sangre.mp4
sangre,sangre_2.mp4
secador de pelo,secador_de_pelo.mp4
seguro,seguro.mp4
seguro,seguro_2.mp4
semana,semana.mp4
semana,semana_2.mp4
soledad,soledad.mp4
sonreir,sonreir.mp4
sordo,sordo.mp4
subtitulos,subtitulos.mp4
suertudo,suertudo.mp4
sueño,sueno.mp4
sueño,sueno_2.mp4
sueño,sueno_3.mp4
sánguche,sanguche.mp4
tarjeta de credito,tarjeta_de_credito.mp4
teatro,teatro.mp4
terminar,terminar.mp4
tiempo,tiempo.mp4
tirar,tirar.mp4
tortuga,tortuga.mp4
trabajo,trabajo.mp4
tranquilo,tranquilo.mp4
tren,tren.mp4
triste,triste.mp4
universidad,universidad.mp4
vaca,vaca.mp4
veneno,veneno.mp4
verano,verano.mp4
verano,verano_2.mp4
verdad,verdad.mp4
verde,verde.mp4
verdura,verdura.mp4
vida,vida.mp4
viernes,viernes.mp4
yo,yo.mp4
zorro,zorro.mp4
manteca,manteca.mp4
dolor de cabeza,dolor_de_cabeza.mp4
hambriento,hambriento.mp4
graduado,graduado.mp4
pasto,pasto.mp4
enojado,enojado.mp4
bowl,bowl.mp4
tijeras,tijeras.mp4
paraguas,paraguas.mp4
chancho,chancho.mp4
snob,snob.mp4
armario,armario.mp4
puesta de sol,puesta_de_sol.mp4
miedo,miedo.mp4
hamburguesa,hamburguesa.mp4
mariposa,mariposa.mp4
vergonzoso,vergonzoso.mp4
divorcio,divorcio.mp4
conejo,conejo.mp4
caramelo,caramelo.mp4
tarta,tarta.mp4
callado,callado.mp4
enfermera,enfermera.mp4
maravilla,maravilla.mp4
ciego,ciego.mp4
imaginar,imaginar.mp4
granja,granja.mp4
cuchillo,cuchillo.mp4
sombrero,sombrero.mp4
ensalada,ensalada.mp4
deuda,deuda.mp4
muchacho,muchacho.mp4
silla,silla.mp4
maleducado,maleducado.mp4
honesto,honesto.mp4
carta,carta.mp4
error,error.mp4
valiente,valiente.mp4
estrella,estrella.mp4
caballo,caballo.mp4
paciente,paciente.mp4
amigable,amigable.mp4
chocolate,chocolate.mp4
lento,lento.mp4
serio,serio.mp4
gordo,gordo.mp4
tonto,tonto.mp4
solitario,solitario.mp4
viajar,viajar.mp4
ejercitar,ejercitar.mp4
hospital,hospital.mp4
iglesia,iglesia.mp4
accidente,accidente.mp4
medicina,medicina.mp4
hogar,hogar.mp4
desear,desear.mp4
vacacionar,vacacionar.mp4
mundo,mundo.mp4
duro,duro.mp4
azul,azul.mp4
aprender,aprender.mp4
problema,problema.mp4